sweep,position,arm,shape,variant,cost_ms_per_s,control_ms_per_s,in_process_spread_percent
0,0,32,voice-mono,as-built,0.538543,0.540336,0.384
0,0,32,voice-mono,clause-5,0.539569,0.544167,1.541
0,0,32,voice-stereo,as-built,0.609382,0.609774,0.132
0,0,32,voice-stereo,clause-5,0.612820,0.611666,0.094
0,0,32,gain-chain,as-built,0.759130,0.751082,1.647
0,0,32,gain-chain,clause-5,0.760095,0.752946,1.189
0,1,64,voice-mono,as-built,0.512210,0.511753,0.089
0,1,64,voice-mono,clause-5,0.512764,0.513019,0.188
0,1,64,voice-stereo,as-built,0.563685,0.562902,0.194
0,1,64,voice-stereo,clause-5,0.567719,0.567242,0.110
0,1,64,gain-chain,as-built,0.526407,0.520195,0.127
0,1,64,gain-chain,clause-5,0.538547,0.536334,0.649
0,2,64b,voice-mono,as-built,0.514103,0.513816,0.133
0,2,64b,voice-mono,clause-5,0.512805,0.512877,0.014
0,2,64b,voice-stereo,as-built,0.563597,0.563778,0.080
0,2,64b,voice-stereo,clause-5,0.567830,0.566603,0.053
0,2,64b,gain-chain,as-built,0.527903,0.520843,1.355
0,2,64b,gain-chain,clause-5,0.541543,0.537514,0.750
0,3,128,voice-mono,as-built,0.497133,0.497249,0.173
0,3,128,voice-mono,clause-5,0.498075,0.499007,0.173
0,3,128,voice-stereo,as-built,0.541366,0.541625,0.048
0,3,128,voice-stereo,clause-5,0.545750,0.546091,0.179
0,3,128,gain-chain,as-built,0.428988,0.429222,0.741
0,3,128,gain-chain,clause-5,0.443794,0.439672,0.785
0,4,256,voice-mono,as-built,0.483497,0.483664,0.214
0,4,256,voice-mono,clause-5,0.485675,0.485783,0.153
0,4,256,voice-stereo,as-built,0.526228,0.525372,0.105
0,4,256,voice-stereo,clause-5,0.530879,0.530966,0.050
0,4,256,gain-chain,as-built,0.389248,0.390529,3.182
0,4,256,gain-chain,clause-5,0.402270,0.406417,1.750
1,0,64,voice-mono,as-built,0.510886,0.511767,0.180
1,0,64,voice-mono,clause-5,0.512219,0.511939,0.072
1,0,64,voice-stereo,as-built,0.562820,0.562632,0.212
1,0,64,voice-stereo,clause-5,0.567038,0.567293,0.087
1,0,64,gain-chain,as-built,0.534026,0.518949,0.413
1,0,64,gain-chain,clause-5,0.537507,0.540758,1.330
1,1,64b,voice-mono,as-built,0.511756,0.511738,0.016
1,1,64b,voice-mono,clause-5,0.512973,0.512639,0.065
1,1,64b,voice-stereo,as-built,0.563321,0.562753,0.088
1,1,64b,voice-stereo,clause-5,0.568033,0.567892,0.226
1,1,64b,gain-chain,as-built,0.537408,0.516684,1.786
1,1,64b,gain-chain,clause-5,0.537330,0.536990,0.473
1,2,128,voice-mono,as-built,0.493409,0.493222,0.192
1,2,128,voice-mono,clause-5,0.497226,0.496281,0.603
1,2,128,voice-stereo,as-built,0.565342,0.563342,0.319
1,2,128,voice-stereo,clause-5,0.553111,0.566773,1.730
1,2,128,gain-chain,as-built,0.437670,0.446865,3.881
1,2,128,gain-chain,clause-5,0.448196,0.440837,1.685
1,3,256,voice-mono,as-built,0.483971,0.484240,0.092
1,3,256,voice-mono,clause-5,0.485681,0.485028,0.088
1,3,256,voice-stereo,as-built,0.525662,0.526005,0.079
1,3,256,voice-stereo,clause-5,0.530502,0.530436,0.228
1,3,256,gain-chain,as-built,0.401375,0.391206,2.327
1,3,256,gain-chain,clause-5,0.398904,0.396390,0.634
1,4,32,voice-mono,as-built,0.539153,0.538445,0.241
1,4,32,voice-mono,clause-5,0.539908,0.539780,0.056
1,4,32,voice-stereo,as-built,0.610408,0.610381,0.259
1,4,32,voice-stereo,clause-5,0.612151,0.614283,0.200
1,4,32,gain-chain,as-built,0.754021,0.736066,0.310
1,4,32,gain-chain,clause-5,0.759423,0.757362,0.224
2,0,64b,voice-mono,as-built,0.511352,0.511539,0.204
2,0,64b,voice-mono,clause-5,0.514027,0.514070,0.033
2,0,64b,voice-stereo,as-built,0.563972,0.563579,0.114
2,0,64b,voice-stereo,clause-5,0.568053,0.568715,0.031
2,0,64b,gain-chain,as-built,0.539044,0.521696,0.253
2,0,64b,gain-chain,clause-5,0.540711,0.538962,0.347
2,1,128,voice-mono,as-built,0.494120,0.493398,0.146
2,1,128,voice-mono,clause-5,0.495415,0.495453,0.100
2,1,128,voice-stereo,as-built,0.537989,0.538896,0.169
2,1,128,voice-stereo,clause-5,0.542725,0.542484,0.081
2,1,128,gain-chain,as-built,0.440331,0.423987,1.102
2,1,128,gain-chain,clause-5,0.435587,0.437092,0.840
2,2,256,voice-mono,as-built,0.483532,0.483259,0.108
2,2,256,voice-mono,clause-5,0.486001,0.485779,0.061
2,2,256,voice-stereo,as-built,0.524681,0.525696,0.064
2,2,256,voice-stereo,clause-5,0.530959,0.531135,0.065
2,2,256,gain-chain,as-built,0.389197,0.390102,0.339
2,2,256,gain-chain,clause-5,0.400069,0.403758,2.026
2,3,32,voice-mono,as-built,0.537639,0.537791,0.016
2,3,32,voice-mono,clause-5,0.538646,0.539105,0.095
2,3,32,voice-stereo,as-built,0.609670,0.608729,0.155
2,3,32,voice-stereo,clause-5,0.613510,0.612949,0.175
2,3,32,gain-chain,as-built,0.764471,0.754343,0.412
2,3,32,gain-chain,clause-5,0.760317,0.761959,0.590
2,4,64,voice-mono,as-built,0.510930,0.510943,0.251
2,4,64,voice-mono,clause-5,0.512112,0.512195,0.097
2,4,64,voice-stereo,as-built,0.562877,0.562462,0.074
2,4,64,voice-stereo,clause-5,0.568094,0.567568,0.111
2,4,64,gain-chain,as-built,0.535409,0.520400,0.756
2,4,64,gain-chain,clause-5,0.538437,0.536068,0.506
3,0,128,voice-mono,as-built,0.493351,0.492589,0.196
3,0,128,voice-mono,clause-5,0.493678,0.494495,0.077
3,0,128,voice-stereo,as-built,0.537684,0.537839,0.213
3,0,128,voice-stereo,clause-5,0.541968,0.541958,0.077
3,0,128,gain-chain,as-built,0.435334,0.423424,0.819
3,0,128,gain-chain,clause-5,0.440818,0.439885,0.037
3,1,256,voice-mono,as-built,0.483566,0.483487,0.147
3,1,256,voice-mono,clause-5,0.485723,0.486102,0.061
3,1,256,voice-stereo,as-built,0.525951,0.525749,0.013
3,1,256,voice-stereo,clause-5,0.530166,0.530291,0.111
3,1,256,gain-chain,as-built,0.398049,0.390639,1.131
3,1,256,gain-chain,clause-5,0.404618,0.404038,1.742
3,2,32,voice-mono,as-built,0.538539,0.538383,0.151
3,2,32,voice-mono,clause-5,0.539753,0.540219,0.073
3,2,32,voice-stereo,as-built,0.609648,0.608889,0.208
3,2,32,voice-stereo,clause-5,0.613303,0.613138,0.027
3,2,32,gain-chain,as-built,0.761134,0.745256,0.174
3,2,32,gain-chain,clause-5,0.768159,0.765910,0.294
3,3,64,voice-mono,as-built,0.510448,0.510450,0.147
3,3,64,voice-mono,clause-5,0.512334,0.512413,0.026
3,3,64,voice-stereo,as-built,0.562580,0.562630,0.077
3,3,64,voice-stereo,clause-5,0.567099,0.566444,0.058
3,3,64,gain-chain,as-built,0.536831,0.526315,0.733
3,3,64,gain-chain,clause-5,0.537438,0.538678,0.150
3,4,64b,voice-mono,as-built,0.511428,0.511656,0.069
3,4,64b,voice-mono,clause-5,0.512600,0.512989,0.035
3,4,64b,voice-stereo,as-built,0.562517,0.562471,0.008
3,4,64b,voice-stereo,clause-5,0.566905,0.567155,0.065
3,4,64b,gain-chain,as-built,0.536803,0.525595,0.314
3,4,64b,gain-chain,clause-5,0.537833,0.543075,0.424
4,0,256,voice-mono,as-built,0.483157,0.484187,0.271
4,0,256,voice-mono,clause-5,0.485533,0.485106,0.088
4,0,256,voice-stereo,as-built,0.525368,0.524973,0.228
4,0,256,voice-stereo,clause-5,0.530134,0.529618,0.202
4,0,256,gain-chain,as-built,0.407096,0.391891,0.382
4,0,256,gain-chain,clause-5,0.409411,0.407943,0.360
4,1,32,voice-mono,as-built,0.539271,0.539010,0.062
4,1,32,voice-mono,clause-5,0.540787,0.540004,0.145
4,1,32,voice-stereo,as-built,0.611399,0.611084,0.051
4,1,32,voice-stereo,clause-5,0.613625,0.613271,0.080
4,1,32,gain-chain,as-built,0.752636,0.751129,0.201
4,1,32,gain-chain,clause-5,0.762572,0.761761,0.670
4,2,64,voice-mono,as-built,0.511924,0.512055,0.238
4,2,64,voice-mono,clause-5,0.512695,0.512651,0.010
4,2,64,voice-stereo,as-built,0.563337,0.562271,0.144
4,2,64,voice-stereo,clause-5,0.568077,0.567914,0.050
4,2,64,gain-chain,as-built,0.542568,0.534706,2.224
4,2,64,gain-chain,clause-5,0.544550,0.547790,0.188
4,3,64b,voice-mono,as-built,0.512777,0.513342,0.100
4,3,64b,voice-mono,clause-5,0.512842,0.513096,0.067
4,3,64b,voice-stereo,as-built,0.562947,0.562807,0.056
4,3,64b,voice-stereo,clause-5,0.567090,0.567627,0.154
4,3,64b,gain-chain,as-built,0.541760,0.527606,2.479
4,3,64b,gain-chain,clause-5,0.542879,0.543783,1.005
4,4,128,voice-mono,as-built,0.492610,0.492751,0.087
4,4,128,voice-mono,clause-5,0.493267,0.495006,0.110
4,4,128,voice-stereo,as-built,0.538534,0.538168,0.150
4,4,128,voice-stereo,clause-5,0.541894,0.541858,0.080
4,4,128,gain-chain,as-built,0.438736,0.427120,0.234
4,4,128,gain-chain,clause-5,0.441676,0.440114,0.355
5,0,32,voice-mono,as-built,0.538937,0.538213,0.143
5,0,32,voice-mono,clause-5,0.542100,0.541500,0.087
5,0,32,voice-stereo,as-built,0.611003,0.612504,0.395
5,0,32,voice-stereo,clause-5,0.613288,0.613578,0.099
5,0,32,gain-chain,as-built,0.766232,0.760457,0.587
5,0,32,gain-chain,clause-5,0.773278,0.770631,1.983
5,1,64,voice-mono,as-built,0.510585,0.511167,0.137
5,1,64,voice-mono,clause-5,0.511932,0.512641,0.032
5,1,64,voice-stereo,as-built,0.562443,0.562139,0.177
5,1,64,voice-stereo,clause-5,0.566951,0.566945,0.188
5,1,64,gain-chain,as-built,0.542047,0.528400,0.377
5,1,64,gain-chain,clause-5,0.544738,0.548830,1.051
5,2,64b,voice-mono,as-built,0.511048,0.510699,0.140
5,2,64b,voice-mono,clause-5,0.511788,0.512227,0.117
5,2,64b,voice-stereo,as-built,0.562868,0.563143,0.064
5,2,64b,voice-stereo,clause-5,0.567130,0.566990,0.228
5,2,64b,gain-chain,as-built,0.552263,0.542309,1.925
5,2,64b,gain-chain,clause-5,0.545842,0.546847,0.184
5,3,128,voice-mono,as-built,0.493099,0.493703,0.178
5,3,128,voice-mono,clause-5,0.494397,0.494775,0.108
5,3,128,voice-stereo,as-built,0.537639,0.538555,0.353
5,3,128,voice-stereo,clause-5,0.541351,0.543703,0.380
5,3,128,gain-chain,as-built,0.441016,0.431134,1.775
5,3,128,gain-chain,clause-5,0.440655,0.444126,1.129
5,4,256,voice-mono,as-built,0.483318,0.483589,0.056
5,4,256,voice-mono,clause-5,0.485932,0.485644,0.059
5,4,256,voice-stereo,as-built,0.525748,0.525304,0.447
5,4,256,voice-stereo,clause-5,0.530654,0.530580,0.057
5,4,256,gain-chain,as-built,0.404442,0.406272,0.819
5,4,256,gain-chain,clause-5,0.413873,0.410292,0.872
6,0,64,voice-mono,as-built,0.511550,0.512996,0.082
6,0,64,voice-mono,clause-5,0.512773,0.512646,0.132
6,0,64,voice-stereo,as-built,0.562941,0.563737,0.109
6,0,64,voice-stereo,clause-5,0.567501,0.567008,0.087
6,0,64,gain-chain,as-built,0.552127,0.540296,1.393
6,0,64,gain-chain,clause-5,0.550800,0.548541,0.361
6,1,64b,voice-mono,as-built,0.510576,0.511382,0.167
6,1,64b,voice-mono,clause-5,0.512137,0.511639,0.097
6,1,64b,voice-stereo,as-built,0.563669,0.563721,0.009
6,1,64b,voice-stereo,clause-5,0.568253,0.567546,0.042
6,1,64b,gain-chain,as-built,0.548505,0.537776,0.916
6,1,64b,gain-chain,clause-5,0.548101,0.544337,0.669
6,2,128,voice-mono,as-built,0.493112,0.493714,0.053
6,2,128,voice-mono,clause-5,0.494671,0.494764,0.094
6,2,128,voice-stereo,as-built,0.538896,0.540195,0.386
6,2,128,voice-stereo,clause-5,0.541868,0.542743,0.185
6,2,128,gain-chain,as-built,0.445335,0.444779,0.607
6,2,128,gain-chain,clause-5,0.444648,0.451050,1.227
6,3,256,voice-mono,as-built,0.483111,0.483439,0.130
6,3,256,voice-mono,clause-5,0.485762,0.485153,0.193
6,3,256,voice-stereo,as-built,0.525100,0.525384,0.102
6,3,256,voice-stereo,clause-5,0.529890,0.530263,0.106
6,3,256,gain-chain,as-built,0.405799,0.390508,1.808
6,3,256,gain-chain,clause-5,0.406954,0.412863,0.739
6,4,32,voice-mono,as-built,0.557199,0.540998,0.290
6,4,32,voice-mono,clause-5,0.600572,0.601130,0.114
6,4,32,voice-stereo,as-built,0.678331,0.678481,0.022
6,4,32,voice-stereo,clause-5,0.681163,0.680950,0.031
6,4,32,gain-chain,as-built,0.817265,0.817947,0.263
6,4,32,gain-chain,clause-5,0.819876,0.821424,0.037
7,0,64b,voice-mono,as-built,0.571217,0.571773,0.156
7,0,64b,voice-mono,clause-5,0.573082,0.572849,0.025
7,0,64b,voice-stereo,as-built,0.628850,0.628385,0.056
7,0,64b,voice-stereo,clause-5,0.633422,0.633528,0.086
7,0,64b,gain-chain,as-built,0.583406,0.583887,0.277
7,0,64b,gain-chain,clause-5,0.550255,0.526157,1.234
7,1,128,voice-mono,as-built,0.494271,0.491685,0.332
7,1,128,voice-mono,clause-5,0.495137,0.494610,0.323
7,1,128,voice-stereo,as-built,0.537362,0.537155,0.194
7,1,128,voice-stereo,clause-5,0.541317,0.541759,0.133
7,1,128,gain-chain,as-built,0.440247,0.432803,1.720
7,1,128,gain-chain,clause-5,0.446074,0.447335,1.413
7,2,256,voice-mono,as-built,0.483160,0.483537,0.269
7,2,256,voice-mono,clause-5,0.485536,0.486705,0.284
7,2,256,voice-stereo,as-built,0.525448,0.525441,0.061
7,2,256,voice-stereo,clause-5,0.530399,0.530193,0.116
7,2,256,gain-chain,as-built,0.405206,0.399133,0.825
7,2,256,gain-chain,clause-5,0.404575,0.413053,0.549
7,3,32,voice-mono,as-built,0.538456,0.539306,0.086
7,3,32,voice-mono,clause-5,0.539816,0.539584,0.399
7,3,32,voice-stereo,as-built,0.611859,0.609526,0.383
7,3,32,voice-stereo,clause-5,0.683820,0.684546,0.003
7,3,32,gain-chain,as-built,0.827064,0.828489,0.108
7,3,32,gain-chain,clause-5,0.829659,0.830278,0.126
7,4,64,voice-mono,as-built,0.570164,0.571401,0.297
7,4,64,voice-mono,clause-5,0.571162,0.570857,0.091
7,4,64,voice-stereo,as-built,0.628477,0.628640,0.209
7,4,64,voice-stereo,clause-5,0.632545,0.633084,0.073
7,4,64,gain-chain,as-built,0.579208,0.577999,0.690
7,4,64,gain-chain,clause-5,0.580018,0.580008,0.107
8,0,128,voice-mono,as-built,0.549572,0.549683,0.121
8,0,128,voice-mono,clause-5,0.551373,0.552218,0.101
8,0,128,voice-stereo,as-built,0.537073,0.538329,0.418
8,0,128,voice-stereo,clause-5,0.541980,0.542122,0.045
8,0,128,gain-chain,as-built,0.446088,0.436156,0.678
8,0,128,gain-chain,clause-5,0.443483,0.447218,0.630
8,1,256,voice-mono,as-built,0.483568,0.484198,0.150
8,1,256,voice-mono,clause-5,0.485665,0.485761,0.342
8,1,256,voice-stereo,as-built,0.525220,0.524998,0.195
8,1,256,voice-stereo,clause-5,0.530819,0.530188,0.146
8,1,256,gain-chain,as-built,0.408169,0.397944,2.596
8,1,256,gain-chain,clause-5,0.415374,0.415981,0.753
8,2,32,voice-mono,as-built,0.538668,0.538492,0.038
8,2,32,voice-mono,clause-5,0.539529,0.538790,0.145
8,2,32,voice-stereo,as-built,0.609871,0.609713,0.225
8,2,32,voice-stereo,clause-5,0.611969,0.613009,0.170
8,2,32,gain-chain,as-built,0.782696,0.787992,0.677
8,2,32,gain-chain,clause-5,0.828348,0.829421,0.069
8,3,64,voice-mono,as-built,0.570531,0.570544,0.039
8,3,64,voice-mono,clause-5,0.572132,0.572499,0.052
8,3,64,voice-stereo,as-built,0.628416,0.627943,0.106
8,3,64,voice-stereo,clause-5,0.633050,0.633523,0.030
8,3,64,gain-chain,as-built,0.579533,0.578066,0.254
8,3,64,gain-chain,clause-5,0.579998,0.580204,0.056
8,4,64b,voice-mono,as-built,0.569844,0.570895,0.080
8,4,64b,voice-mono,clause-5,0.571936,0.572105,0.179
8,4,64b,voice-stereo,as-built,0.627865,0.628093,0.094
8,4,64b,voice-stereo,clause-5,0.633715,0.632947,0.071
8,4,64b,gain-chain,as-built,0.531053,0.538859,0.913
8,4,64b,gain-chain,clause-5,0.554101,0.556591,0.438
9,0,256,voice-mono,as-built,0.483422,0.483577,0.255
9,0,256,voice-mono,clause-5,0.486333,0.485572,0.141
9,0,256,voice-stereo,as-built,0.525874,0.525306,0.267
9,0,256,voice-stereo,clause-5,0.530126,0.530064,0.012
9,0,256,gain-chain,as-built,0.408138,0.399268,2.070
9,0,256,gain-chain,clause-5,0.421643,0.417752,1.463
9,1,32,voice-mono,as-built,1.075686,1.076081,0.054
9,1,32,voice-mono,clause-5,1.078657,1.078890,0.022
9,1,32,voice-stereo,as-built,1.139122,1.138978,0.075
9,1,32,voice-stereo,clause-5,1.141318,1.141271,0.013
9,1,32,gain-chain,as-built,1.306169,1.306171,0.024
9,1,32,gain-chain,clause-5,1.308165,1.308569,0.083
9,2,64,voice-mono,as-built,0.512086,0.511068,0.215
9,2,64,voice-mono,clause-5,0.513184,0.513373,0.132
9,2,64,voice-stereo,as-built,0.563436,0.563895,0.353
9,2,64,voice-stereo,clause-5,0.568805,0.569186,0.098
9,2,64,gain-chain,as-built,0.551616,0.551993,0.361
9,2,64,gain-chain,clause-5,0.554825,0.555127,0.312
9,3,64b,voice-mono,as-built,0.511168,0.511500,0.242
9,3,64b,voice-mono,clause-5,0.513608,0.514692,0.296
9,3,64b,voice-stereo,as-built,0.562773,0.565077,0.900
9,3,64b,voice-stereo,clause-5,0.568130,0.569064,0.315
9,3,64b,gain-chain,as-built,0.551039,0.553428,0.774
9,3,64b,gain-chain,clause-5,0.555484,0.554263,1.583
9,4,128,voice-mono,as-built,0.492484,0.493141,0.367
9,4,128,voice-mono,clause-5,0.494933,0.495171,0.125
9,4,128,voice-stereo,as-built,0.538763,0.538623,0.172
9,4,128,voice-stereo,clause-5,0.543437,0.543443,0.119
9,4,128,gain-chain,as-built,0.450076,0.450473,0.635
9,4,128,gain-chain,clause-5,0.451535,0.451562,0.455
10,0,32,voice-mono,as-built,0.537380,0.537405,0.429
10,0,32,voice-mono,clause-5,0.543434,0.541069,0.428
10,0,32,voice-stereo,as-built,0.603228,0.602255,0.872
10,0,32,voice-stereo,clause-5,0.674137,0.632768,0.885
10,0,32,gain-chain,as-built,0.826943,0.827176,0.028
10,0,32,gain-chain,clause-5,0.828333,0.830808,0.268
10,1,64,voice-mono,as-built,0.571146,0.571048,0.021
10,1,64,voice-mono,clause-5,0.571955,0.572378,0.069
10,1,64,voice-stereo,as-built,0.628412,0.628016,0.063
10,1,64,voice-stereo,clause-5,0.633274,0.632689,0.090
10,1,64,gain-chain,as-built,0.582549,0.583880,0.247
10,1,64,gain-chain,clause-5,0.584436,0.584170,0.740
10,2,64b,voice-mono,as-built,0.571098,0.571003,0.097
10,2,64b,voice-mono,clause-5,0.572500,0.572194,0.112
10,2,64b,voice-stereo,as-built,0.563802,0.562199,0.285
10,2,64b,voice-stereo,clause-5,0.569351,0.568761,0.155
10,2,64b,gain-chain,as-built,0.550735,0.541529,0.536
10,2,64b,gain-chain,clause-5,0.552833,0.556292,0.626
10,3,128,voice-mono,as-built,0.494484,0.493652,0.185
10,3,128,voice-mono,clause-5,0.495851,0.496667,0.504
10,3,128,voice-stereo,as-built,0.538795,0.538349,0.371
10,3,128,voice-stereo,clause-5,0.542633,0.542970,0.067
10,3,128,gain-chain,as-built,0.450551,0.449204,0.300
10,3,128,gain-chain,clause-5,0.457710,0.453719,0.880
10,4,256,voice-mono,as-built,0.485116,0.484194,0.263
10,4,256,voice-mono,clause-5,0.487161,0.486700,0.179
10,4,256,voice-stereo,as-built,0.527449,0.528115,0.162
10,4,256,voice-stereo,clause-5,0.531782,0.530391,0.220
10,4,256,gain-chain,as-built,0.419167,0.417278,0.910
10,4,256,gain-chain,clause-5,0.441538,0.418511,0.956
11,0,64,voice-mono,as-built,0.570855,0.570035,0.132
11,0,64,voice-mono,clause-5,0.571911,0.572017,0.132
11,0,64,voice-stereo,as-built,0.627934,0.627837,0.080
11,0,64,voice-stereo,clause-5,0.632521,0.633029,0.074
11,0,64,gain-chain,as-built,0.580145,0.579359,0.232
11,0,64,gain-chain,clause-5,0.580743,0.580431,0.277
11,1,64b,voice-mono,as-built,0.569943,0.570343,0.075
11,1,64b,voice-mono,clause-5,0.572562,0.571925,0.104
11,1,64b,voice-stereo,as-built,0.628475,0.628992,0.079
11,1,64b,voice-stereo,clause-5,0.633570,0.634402,0.148
11,1,64b,gain-chain,as-built,0.579765,0.578675,0.188
11,1,64b,gain-chain,clause-5,0.541360,0.569502,0.607
11,2,128,voice-mono,as-built,0.493768,0.493573,0.221
11,2,128,voice-mono,clause-5,0.494950,0.496681,0.140
11,2,128,voice-stereo,as-built,0.538675,0.539205,0.296
11,2,128,voice-stereo,clause-5,0.543827,0.543987,0.081
11,2,128,gain-chain,as-built,0.452279,0.450869,0.313
11,2,128,gain-chain,clause-5,0.453884,0.452728,1.646
11,3,256,voice-mono,as-built,0.484009,0.485357,0.110
11,3,256,voice-mono,clause-5,0.487531,0.487225,0.271
11,3,256,voice-stereo,as-built,0.527625,0.527651,0.109
11,3,256,voice-stereo,clause-5,0.532799,0.532658,0.037
11,3,256,gain-chain,as-built,0.419728,0.415770,0.952
11,3,256,gain-chain,clause-5,0.417914,0.420069,1.090
11,4,32,voice-mono,as-built,0.536447,0.538037,0.734
11,4,32,voice-mono,clause-5,0.539370,0.542125,1.595
11,4,32,voice-stereo,as-built,0.616725,0.618079,0.220
11,4,32,voice-stereo,clause-5,0.684096,0.683381,0.105
11,4,32,gain-chain,as-built,0.819115,0.819216,0.040
11,4,32,gain-chain,clause-5,0.821670,0.821096,0.113
12,0,64b,voice-mono,as-built,0.571516,0.572455,0.337
12,0,64b,voice-mono,clause-5,0.572670,0.572578,0.082
12,0,64b,voice-stereo,as-built,0.628110,0.628382,0.119
12,0,64b,voice-stereo,clause-5,0.631947,0.632664,0.080
12,0,64b,gain-chain,as-built,0.574322,0.574208,0.202
12,0,64b,gain-chain,clause-5,0.576597,0.576138,0.184
12,1,128,voice-mono,as-built,0.549750,0.550728,0.214
12,1,128,voice-mono,clause-5,0.552110,0.553179,0.134
12,1,128,voice-stereo,as-built,0.538093,0.538891,0.241
12,1,128,voice-stereo,clause-5,0.541328,0.542227,0.166
12,1,128,gain-chain,as-built,0.446940,0.449624,0.364
12,1,128,gain-chain,clause-5,0.450933,0.449736,0.460
12,2,256,voice-mono,as-built,0.484641,0.484733,0.121
12,2,256,voice-mono,clause-5,0.487964,0.487519,0.137
12,2,256,voice-stereo,as-built,0.529332,0.528647,0.081
12,2,256,voice-stereo,clause-5,0.533381,0.533254,0.063
12,2,256,gain-chain,as-built,0.410650,0.409766,0.272
12,2,256,gain-chain,clause-5,0.411155,0.417545,0.447
12,3,32,voice-mono,as-built,0.547842,0.541435,0.248
12,3,32,voice-mono,clause-5,0.544081,0.543265,0.804
12,3,32,voice-stereo,as-built,0.618491,0.621014,0.408
12,3,32,voice-stereo,clause-5,0.619464,0.617622,0.482
12,3,32,gain-chain,as-built,0.792271,0.774826,0.120
12,3,32,gain-chain,clause-5,0.821081,0.822104,0.266
12,4,64,voice-mono,as-built,0.569388,0.569740,0.122
12,4,64,voice-mono,clause-5,0.571352,0.571489,0.047
12,4,64,voice-stereo,as-built,0.627993,0.627443,0.156
12,4,64,voice-stereo,clause-5,0.632557,0.632685,0.063
12,4,64,gain-chain,as-built,0.577528,0.578834,0.226
12,4,64,gain-chain,clause-5,0.579196,0.579639,0.115
13,0,128,voice-mono,as-built,0.550908,0.550906,0.106
13,0,128,voice-mono,clause-5,0.552478,0.552982,0.091
13,0,128,voice-stereo,as-built,0.600498,0.601650,0.078
13,0,128,voice-stereo,clause-5,0.605192,0.605306,0.024
13,0,128,gain-chain,as-built,0.443302,0.450906,1.231
13,0,128,gain-chain,clause-5,0.451766,0.444716,0.854
13,1,256,voice-mono,as-built,0.486982,0.485453,0.635
13,1,256,voice-mono,clause-5,0.486751,0.486992,0.194
13,1,256,voice-stereo,as-built,0.527319,0.526287,0.125
13,1,256,voice-stereo,clause-5,0.531545,0.532511,1.369
13,1,256,gain-chain,as-built,0.418456,0.423305,0.618
13,1,256,gain-chain,clause-5,0.426008,0.422201,0.902
13,2,32,voice-mono,as-built,0.544332,0.539323,1.573
13,2,32,voice-mono,clause-5,0.549717,0.550186,0.323
13,2,32,voice-stereo,as-built,0.622893,0.621434,0.322
13,2,32,voice-stereo,clause-5,0.625119,0.627793,0.428
13,2,32,gain-chain,as-built,0.781604,0.780369,0.158
13,2,32,gain-chain,clause-5,0.787924,0.793134,0.627
13,3,64,voice-mono,as-built,0.570027,0.569756,0.048
13,3,64,voice-mono,clause-5,0.571658,0.571710,0.061
13,3,64,voice-stereo,as-built,0.628800,0.628804,0.134
13,3,64,voice-stereo,clause-5,0.633684,0.633299,0.073
13,3,64,gain-chain,as-built,0.583411,0.583542,0.184
13,3,64,gain-chain,clause-5,0.584193,0.586161,0.085
13,4,64b,voice-mono,as-built,0.570563,0.570500,0.078
13,4,64b,voice-mono,clause-5,0.572381,0.572164,0.038
13,4,64b,voice-stereo,as-built,0.628755,0.628666,0.102
13,4,64b,voice-stereo,clause-5,0.633430,0.633335,0.104
13,4,64b,gain-chain,as-built,0.573818,0.575732,0.280
13,4,64b,gain-chain,clause-5,0.575296,0.576228,0.463
14,0,256,voice-mono,as-built,0.485421,0.484792,0.188
14,0,256,voice-mono,clause-5,0.486801,0.487063,0.171
14,0,256,voice-stereo,as-built,0.527921,0.526585,0.795
14,0,256,voice-stereo,clause-5,0.532094,0.531059,0.345
14,0,256,gain-chain,as-built,0.415481,0.412649,0.686
14,0,256,gain-chain,clause-5,0.422545,0.422718,0.101
14,1,32,voice-mono,as-built,0.545969,0.539268,0.622
14,1,32,voice-mono,clause-5,0.547136,0.549992,0.534
14,1,32,voice-stereo,as-built,0.621212,0.624450,0.022
14,1,32,voice-stereo,clause-5,0.626571,0.626485,0.171
14,1,32,gain-chain,as-built,0.786401,0.777168,0.781
14,1,32,gain-chain,clause-5,0.780109,0.792584,0.948
14,2,64,voice-mono,as-built,0.511576,0.513379,0.857
14,2,64,voice-mono,clause-5,0.572343,0.549393,0.266
14,2,64,voice-stereo,as-built,0.628343,0.629112,0.122
14,2,64,voice-stereo,clause-5,0.632996,0.633223,0.106
14,2,64,gain-chain,as-built,0.573910,0.575613,0.519
14,2,64,gain-chain,clause-5,0.574886,0.574787,0.296
14,3,64b,voice-mono,as-built,0.570201,0.570613,0.229
14,3,64b,voice-mono,clause-5,0.571830,0.572398,0.096
14,3,64b,voice-stereo,as-built,0.628384,0.629085,0.137
14,3,64b,voice-stereo,clause-5,0.632800,0.633036,0.065
14,3,64b,gain-chain,as-built,0.578035,0.578012,0.332
14,3,64b,gain-chain,clause-5,0.580450,0.580582,0.121
14,4,128,voice-mono,as-built,0.550494,0.550519,0.075
14,4,128,voice-mono,clause-5,0.498085,0.496837,0.251
14,4,128,voice-stereo,as-built,0.539692,0.539103,0.109
14,4,128,voice-stereo,clause-5,0.541970,0.542331,1.464
14,4,128,gain-chain,as-built,0.452373,0.455065,1.681
14,4,128,gain-chain,clause-5,0.460249,0.457459,0.610
15,0,32,voice-mono,as-built,0.555986,0.550626,0.913
15,0,32,voice-mono,clause-5,0.546045,0.548094,0.375
15,0,32,voice-stereo,as-built,0.619355,0.621917,0.414
15,0,32,voice-stereo,clause-5,0.625093,0.624968,0.129
15,0,32,gain-chain,as-built,0.787606,0.792903,0.672
15,0,32,gain-chain,clause-5,0.784366,0.789710,0.681
15,1,64,voice-mono,as-built,0.512131,0.513995,1.214
15,1,64,voice-mono,clause-5,0.516683,0.518214,0.371
15,1,64,voice-stereo,as-built,0.570523,0.570500,0.053
15,1,64,voice-stereo,clause-5,0.633280,0.633032,0.247
15,1,64,gain-chain,as-built,0.578127,0.578239,0.026
15,1,64,gain-chain,clause-5,0.579866,0.580583,0.108
15,2,64b,voice-mono,as-built,0.570419,0.570807,0.058
15,2,64b,voice-mono,clause-5,0.572360,0.572241,0.027
15,2,64b,voice-stereo,as-built,0.629338,0.630626,0.224
15,2,64b,voice-stereo,clause-5,0.633017,0.632663,0.083
15,2,64b,gain-chain,as-built,0.578127,0.578327,0.045
15,2,64b,gain-chain,clause-5,0.581136,0.580143,0.264
15,3,128,voice-mono,as-built,0.551242,0.549951,0.015
15,3,128,voice-mono,clause-5,0.552216,0.552767,0.087
15,3,128,voice-stereo,as-built,0.539051,0.582682,0.336
15,3,128,voice-stereo,clause-5,0.541991,0.543114,0.231
15,3,128,gain-chain,as-built,0.456937,0.452880,0.662
15,3,128,gain-chain,clause-5,0.456356,0.456707,0.517
15,4,256,voice-mono,as-built,0.483751,0.484432,0.172
15,4,256,voice-mono,clause-5,0.490934,0.486051,1.005
15,4,256,voice-stereo,as-built,0.525749,0.526566,0.120
15,4,256,voice-stereo,clause-5,0.530078,0.529684,0.233
15,4,256,gain-chain,as-built,0.421905,0.423766,1.792
15,4,256,gain-chain,clause-5,0.422517,0.418446,0.850
16,0,64,voice-mono,as-built,0.511981,0.513319,0.961
16,0,64,voice-mono,clause-5,0.516483,0.516992,0.099
16,0,64,voice-stereo,as-built,0.568229,0.569897,0.288
16,0,64,voice-stereo,clause-5,0.574391,0.570788,0.482
16,0,64,gain-chain,as-built,0.561589,0.552100,0.687
16,0,64,gain-chain,clause-5,0.568224,0.560611,0.238
16,1,64b,voice-mono,as-built,0.571593,0.571007,0.106
16,1,64b,voice-mono,clause-5,0.572916,0.572803,0.020
16,1,64b,voice-stereo,as-built,0.630329,0.629442,0.394
16,1,64b,voice-stereo,clause-5,0.635060,0.633607,0.267
16,1,64b,gain-chain,as-built,0.581169,0.579632,0.576
16,1,64b,gain-chain,clause-5,0.581406,0.583322,3.734
16,2,128,voice-mono,as-built,0.550787,0.550863,0.088
16,2,128,voice-mono,clause-5,0.551146,0.552781,0.224
16,2,128,voice-stereo,as-built,0.601684,0.601563,0.025
16,2,128,voice-stereo,clause-5,0.606139,0.605186,0.158
16,2,128,gain-chain,as-built,0.472128,0.469986,0.404
16,2,128,gain-chain,clause-5,0.472624,0.473535,0.526
16,3,256,voice-mono,as-built,0.484207,0.483921,0.843
16,3,256,voice-mono,clause-5,0.486904,0.486357,0.113
16,3,256,voice-stereo,as-built,0.525425,0.525519,0.305
16,3,256,voice-stereo,clause-5,0.530667,0.531607,0.543
16,3,256,gain-chain,as-built,0.425369,0.420879,0.804
16,3,256,gain-chain,clause-5,0.414248,0.426416,1.604
16,4,32,voice-mono,as-built,0.547331,0.538010,1.001
16,4,32,voice-mono,clause-5,0.546306,0.551269,0.527
16,4,32,voice-stereo,as-built,0.621861,0.621925,0.138
16,4,32,voice-stereo,clause-5,0.617999,0.623999,0.738
16,4,32,gain-chain,as-built,0.789010,0.785080,0.876
16,4,32,gain-chain,clause-5,0.789809,0.792943,0.397
17,0,64b,voice-mono,as-built,0.511714,0.512413,0.137
17,0,64b,voice-mono,clause-5,0.549670,0.524480,0.102
17,0,64b,voice-stereo,as-built,0.628335,0.629264,0.156
17,0,64b,voice-stereo,clause-5,0.633510,0.633874,0.167
17,0,64b,gain-chain,as-built,0.573826,0.573520,0.053
17,0,64b,gain-chain,clause-5,0.575214,0.576277,0.193
17,1,128,voice-mono,as-built,0.551394,0.551225,3.985
17,1,128,voice-mono,clause-5,0.552390,0.552764,0.091
17,1,128,voice-stereo,as-built,0.599653,0.600937,0.510
17,1,128,voice-stereo,clause-5,0.605642,0.606205,0.056
17,1,128,gain-chain,as-built,0.467831,0.470216,0.510
17,1,128,gain-chain,clause-5,0.472546,0.471965,0.413
17,2,256,voice-mono,as-built,0.540176,0.540301,0.173
17,2,256,voice-mono,clause-5,0.542679,0.542041,0.124
17,2,256,voice-stereo,as-built,0.526415,0.526226,0.434
17,2,256,voice-stereo,clause-5,0.530467,0.531655,0.233
17,2,256,gain-chain,as-built,0.422958,0.415994,0.714
17,2,256,gain-chain,clause-5,0.423653,0.413302,3.165
17,3,32,voice-mono,as-built,0.548785,0.539361,1.077
17,3,32,voice-mono,clause-5,0.550267,0.558678,1.571
17,3,32,voice-stereo,as-built,0.633460,0.625679,1.698
17,3,32,voice-stereo,clause-5,0.631684,0.620248,0.892
17,3,32,gain-chain,as-built,0.786561,0.789972,0.574
17,3,32,gain-chain,clause-5,0.791151,0.799702,0.641
17,4,64,voice-mono,as-built,0.519561,0.513376,1.719
17,4,64,voice-mono,clause-5,0.519188,0.517969,0.674
17,4,64,voice-stereo,as-built,0.572502,0.574316,0.364
17,4,64,voice-stereo,clause-5,0.632948,0.602444,0.262
17,4,64,gain-chain,as-built,0.578646,0.578146,0.100
17,4,64,gain-chain,clause-5,0.579932,0.580307,0.026
18,0,128,voice-mono,as-built,0.549552,0.549460,0.043
18,0,128,voice-mono,clause-5,0.550318,0.551836,0.259
18,0,128,voice-stereo,as-built,0.599211,0.600941,0.149
18,0,128,voice-stereo,clause-5,0.604316,0.604541,0.169
18,0,128,gain-chain,as-built,0.470327,0.469642,0.078
18,0,128,gain-chain,clause-5,0.471566,0.470024,0.345
18,1,256,voice-mono,as-built,0.540068,0.539571,0.217
18,1,256,voice-mono,clause-5,0.542641,0.541754,0.091
18,1,256,voice-stereo,as-built,0.586924,0.586819,0.042
18,1,256,voice-stereo,clause-5,0.592373,0.592747,0.071
18,1,256,gain-chain,as-built,0.434100,0.438290,0.965
18,1,256,gain-chain,clause-5,0.435454,0.439143,0.725
18,2,32,voice-mono,as-built,0.597827,0.597699,0.229
18,2,32,voice-mono,clause-5,0.599763,0.600235,0.104
18,2,32,voice-stereo,as-built,0.679899,0.680426,0.048
18,2,32,voice-stereo,clause-5,0.682181,0.682267,0.099
18,2,32,gain-chain,as-built,0.826614,0.826808,0.067
18,2,32,gain-chain,clause-5,0.829610,0.829308,0.046
18,3,64,voice-mono,as-built,0.570703,0.570954,0.160
18,3,64,voice-mono,clause-5,0.571820,0.572515,0.109
18,3,64,voice-stereo,as-built,0.629541,0.629102,0.090
18,3,64,voice-stereo,clause-5,0.633508,0.632799,0.188
18,3,64,gain-chain,as-built,0.556323,0.526833,1.168
18,3,64,gain-chain,clause-5,0.563690,0.563997,0.346
18,4,64b,voice-mono,as-built,0.510690,0.511022,0.836
18,4,64b,voice-mono,clause-5,0.518889,0.517667,0.302
18,4,64b,voice-stereo,as-built,0.569864,0.572429,0.852
18,4,64b,voice-stereo,clause-5,0.574701,0.576421,0.075
18,4,64b,gain-chain,as-built,0.565033,0.552717,0.897
18,4,64b,gain-chain,clause-5,0.567460,0.567162,0.145
19,0,256,voice-mono,as-built,0.483126,0.485012,0.342
19,0,256,voice-mono,clause-5,0.486086,0.489533,0.489
19,0,256,voice-stereo,as-built,0.525234,0.528298,1.279
19,0,256,voice-stereo,clause-5,0.531548,0.530483,0.750
19,0,256,gain-chain,as-built,0.419349,0.415938,2.052
19,0,256,gain-chain,clause-5,0.419723,0.427404,1.172
19,1,32,voice-mono,as-built,0.599130,0.584124,0.107
19,1,32,voice-mono,clause-5,0.600131,0.599879,0.123
19,1,32,voice-stereo,as-built,0.678787,0.680088,0.273
19,1,32,voice-stereo,clause-5,0.684349,0.682494,0.098
19,1,32,gain-chain,as-built,0.810750,0.811470,0.044
19,1,32,gain-chain,clause-5,0.813787,0.814786,0.094
19,2,64,voice-mono,as-built,0.571121,0.570450,0.118
19,2,64,voice-mono,clause-5,0.571927,0.572013,0.085
19,2,64,voice-stereo,as-built,0.628755,0.628448,0.053
19,2,64,voice-stereo,clause-5,0.633660,0.633771,0.032
19,2,64,gain-chain,as-built,0.574292,0.574352,0.276
19,2,64,gain-chain,clause-5,0.576711,0.576289,0.032
19,3,64b,voice-mono,as-built,0.570578,0.571273,0.157
19,3,64b,voice-mono,clause-5,0.571957,0.572125,0.029
19,3,64b,voice-stereo,as-built,0.628642,0.628024,0.138
19,3,64b,voice-stereo,clause-5,0.632931,0.632897,0.110
19,3,64b,gain-chain,as-built,0.578518,0.575336,0.542
19,3,64b,gain-chain,clause-5,0.577403,0.576698,0.190
19,4,128,voice-mono,as-built,0.549794,0.549069,0.194
19,4,128,voice-mono,clause-5,0.551252,0.552219,0.177
19,4,128,voice-stereo,as-built,0.600526,0.601181,0.110
19,4,128,voice-stereo,clause-5,0.604817,0.604869,0.113
19,4,128,gain-chain,as-built,0.469881,0.469907,0.020
19,4,128,gain-chain,clause-5,0.472141,0.471856,0.328
20,0,32,voice-mono,as-built,0.599285,0.599634,0.155
20,0,32,voice-mono,clause-5,0.601296,0.601023,0.027
20,0,32,voice-stereo,as-built,0.679411,0.679969,0.231
20,0,32,voice-stereo,clause-5,0.684265,0.684623,0.119
20,0,32,gain-chain,as-built,0.819380,0.819755,0.180
20,0,32,gain-chain,clause-5,0.823935,0.822658,0.223
20,1,64,voice-mono,as-built,0.569402,0.569711,0.054
20,1,64,voice-mono,clause-5,0.571222,0.571448,0.082
20,1,64,voice-stereo,as-built,0.628410,0.628325,0.121
20,1,64,voice-stereo,clause-5,0.633221,0.632976,0.094
20,1,64,gain-chain,as-built,0.577513,0.578687,0.125
20,1,64,gain-chain,clause-5,0.579662,0.582756,0.567
20,2,64b,voice-mono,as-built,1.024123,1.023517,0.136
20,2,64b,voice-mono,clause-5,1.026708,1.026436,0.043
20,2,64b,voice-stereo,as-built,1.126854,1.127259,0.077
20,2,64b,voice-stereo,clause-5,1.135356,1.135713,0.020
20,2,64b,gain-chain,as-built,1.043987,1.045176,0.114
20,2,64b,gain-chain,clause-5,1.048721,1.047754,0.165
20,3,128,voice-mono,as-built,0.494514,0.548525,0.101
20,3,128,voice-mono,clause-5,0.494641,0.496332,0.150
20,3,128,voice-stereo,as-built,0.538516,0.538724,0.096
20,3,128,voice-stereo,clause-5,0.541877,0.543099,0.225
20,3,128,gain-chain,as-built,0.454769,0.447841,1.648
20,3,128,gain-chain,clause-5,0.457165,0.460320,0.294
20,4,256,voice-mono,as-built,0.483600,0.484443,0.222
20,4,256,voice-mono,clause-5,0.486208,0.485479,0.404
20,4,256,voice-stereo,as-built,0.526263,0.525763,0.111
20,4,256,voice-stereo,clause-5,0.530686,0.530900,0.053
20,4,256,gain-chain,as-built,0.415696,0.412288,2.420
20,4,256,gain-chain,clause-5,0.420779,0.417066,0.890
21,0,64,voice-mono,as-built,0.511869,0.513486,0.343
21,0,64,voice-mono,clause-5,0.515627,0.517104,0.235
21,0,64,voice-stereo,as-built,0.567054,0.564454,1.023
21,0,64,voice-stereo,clause-5,0.578965,0.575860,0.719
21,0,64,gain-chain,as-built,0.557245,0.557542,0.128
21,0,64,gain-chain,clause-5,0.553039,0.565261,2.088
21,1,64b,voice-mono,as-built,0.511705,0.514390,0.943
21,1,64b,voice-mono,clause-5,0.518204,0.521671,0.669
21,1,64b,voice-stereo,as-built,0.570016,0.566315,0.548
21,1,64b,voice-stereo,clause-5,0.572363,0.574642,0.398
21,1,64b,gain-chain,as-built,0.561738,0.555415,0.673
21,1,64b,gain-chain,clause-5,0.560418,0.563935,0.628
21,2,128,voice-mono,as-built,0.493674,0.493448,0.274
21,2,128,voice-mono,clause-5,0.496953,0.500765,0.929
21,2,128,voice-stereo,as-built,0.548175,0.546947,0.415
21,2,128,voice-stereo,clause-5,0.547497,0.544858,0.484
21,2,128,gain-chain,as-built,0.464161,0.459643,0.711
21,2,128,gain-chain,clause-5,0.462607,0.464497,0.448
21,3,256,voice-mono,as-built,0.483434,0.484383,2.721
21,3,256,voice-mono,clause-5,0.487809,0.487732,0.074
21,3,256,voice-stereo,as-built,0.529646,0.531158,0.286
21,3,256,voice-stereo,clause-5,0.536502,0.530392,0.591
21,3,256,gain-chain,as-built,0.424312,0.410117,0.719
21,3,256,gain-chain,clause-5,0.424465,0.419025,2.122
21,4,32,voice-mono,as-built,0.550068,0.550036,0.030
21,4,32,voice-mono,clause-5,0.551746,0.552028,0.161
21,4,32,voice-stereo,as-built,0.621825,0.621449,1.069
21,4,32,voice-stereo,clause-5,0.620965,0.625357,1.255
21,4,32,gain-chain,as-built,0.792628,0.790165,0.541
21,4,32,gain-chain,clause-5,0.794464,0.796060,0.848
22,0,64b,voice-mono,as-built,0.526465,0.526338,0.276
22,0,64b,voice-mono,clause-5,0.513062,0.517994,1.688
22,0,64b,voice-stereo,as-built,0.571168,0.571001,0.425
22,0,64b,voice-stereo,clause-5,0.575401,0.572071,0.329
22,0,64b,gain-chain,as-built,0.561610,0.550984,1.439
22,0,64b,gain-chain,clause-5,0.563162,0.559321,0.280
22,1,128,voice-mono,as-built,0.495163,0.493183,0.402
22,1,128,voice-mono,clause-5,0.501090,0.500552,0.192
22,1,128,voice-stereo,as-built,0.547669,0.546963,0.138
22,1,128,voice-stereo,clause-5,0.543777,0.549621,1.069
22,1,128,gain-chain,as-built,0.461623,0.455974,1.352
22,1,128,gain-chain,clause-5,0.464621,0.459805,1.047
22,2,256,voice-mono,as-built,0.484221,0.484673,0.610
22,2,256,voice-mono,clause-5,0.490003,0.489365,0.369
22,2,256,voice-stereo,as-built,0.531343,0.531341,0.408
22,2,256,voice-stereo,clause-5,0.534449,0.531343,0.103
22,2,256,gain-chain,as-built,0.426291,0.423976,2.107
22,2,256,gain-chain,clause-5,0.425080,0.427027,1.022
22,3,32,voice-mono,as-built,0.557119,0.552426,0.660
22,3,32,voice-mono,clause-5,0.552644,0.554869,0.469
22,3,32,voice-stereo,as-built,0.629527,0.621023,1.243
22,3,32,voice-stereo,clause-5,0.628094,0.630198,0.385
22,3,32,gain-chain,as-built,0.795683,0.795213,0.680
22,3,32,gain-chain,clause-5,0.807615,0.799319,0.599
22,4,64,voice-mono,as-built,0.520759,0.514301,1.508
22,4,64,voice-mono,clause-5,0.521137,0.520832,0.496
22,4,64,voice-stereo,as-built,0.572945,0.576077,0.473
22,4,64,voice-stereo,clause-5,0.576155,0.574416,0.202
22,4,64,gain-chain,as-built,0.561189,0.556115,0.921
22,4,64,gain-chain,clause-5,0.563898,0.562539,0.257
23,0,128,voice-mono,as-built,0.495636,0.494505,0.989
23,0,128,voice-mono,clause-5,0.504346,0.506402,0.433
23,0,128,voice-stereo,as-built,0.546470,0.549762,1.517
23,0,128,voice-stereo,clause-5,0.550899,0.552445,0.281
23,0,128,gain-chain,as-built,0.463010,0.452039,0.876
23,0,128,gain-chain,clause-5,0.461393,0.461400,1.188
23,1,256,voice-mono,as-built,0.487429,0.485093,0.931
23,1,256,voice-mono,clause-5,0.496801,0.495299,0.296
23,1,256,voice-stereo,as-built,0.531497,0.532709,0.791
23,1,256,voice-stereo,clause-5,0.537593,0.530703,0.582
23,1,256,gain-chain,as-built,0.426796,0.424620,0.565
23,1,256,gain-chain,clause-5,0.426174,0.429071,0.743
23,2,32,voice-mono,as-built,0.572577,0.565350,0.748
23,2,32,voice-mono,clause-5,0.572986,0.570467,0.442
23,2,32,voice-stereo,as-built,0.654523,0.665475,0.701
23,2,32,voice-stereo,clause-5,0.664899,0.668782,0.584
23,2,32,gain-chain,as-built,1.270893,1.275085,0.330
23,2,32,gain-chain,clause-5,1.271873,1.272013,0.388
23,3,64,voice-mono,as-built,0.520408,0.514267,1.140
23,3,64,voice-mono,clause-5,0.512605,0.523588,1.503
23,3,64,voice-stereo,as-built,0.571998,0.575369,0.586
23,3,64,voice-stereo,clause-5,0.575364,0.578448,0.946
23,3,64,gain-chain,as-built,0.569431,0.558596,0.228
23,3,64,gain-chain,clause-5,0.570041,0.571279,1.147
23,4,64b,voice-mono,as-built,0.527068,0.512637,3.474
23,4,64b,voice-mono,clause-5,0.523019,0.528249,1.827
23,4,64b,voice-stereo,as-built,0.581731,0.581358,0.597
23,4,64b,voice-stereo,clause-5,0.580527,0.585611,0.876
23,4,64b,gain-chain,as-built,0.564591,0.561461,0.406
23,4,64b,gain-chain,clause-5,0.564159,0.562580,1.684
24,0,256,voice-mono,as-built,0.490826,0.486188,0.954
24,0,256,voice-mono,clause-5,0.497519,0.497200,0.423
24,0,256,voice-stereo,as-built,0.537282,0.536329,0.228
24,0,256,voice-stereo,clause-5,0.537527,0.537549,0.725
24,0,256,gain-chain,as-built,0.424085,0.422570,0.775
24,0,256,gain-chain,clause-5,0.426857,0.431261,0.273
24,1,32,voice-mono,as-built,0.558063,0.543463,1.575
24,1,32,voice-mono,clause-5,0.555236,0.550298,1.188
24,1,32,voice-stereo,as-built,0.625263,0.629451,0.931
24,1,32,voice-stereo,clause-5,0.630933,0.636044,1.493
24,1,32,gain-chain,as-built,0.798184,0.795165,0.492
24,1,32,gain-chain,clause-5,0.795368,0.797467,0.536
24,2,64,voice-mono,as-built,0.521924,0.512923,1.268
24,2,64,voice-mono,clause-5,0.524943,0.524896,0.295
24,2,64,voice-stereo,as-built,0.579875,0.578951,0.272
24,2,64,voice-stereo,clause-5,0.578769,0.575811,0.528
24,2,64,gain-chain,as-built,0.563486,0.556868,0.814
24,2,64,gain-chain,clause-5,0.566601,0.568655,0.782
24,3,64b,voice-mono,as-built,0.527392,0.512809,0.785
24,3,64b,voice-mono,clause-5,0.523516,0.520887,0.505
24,3,64b,voice-stereo,as-built,0.573193,0.579278,1.020
24,3,64b,voice-stereo,clause-5,0.578483,0.578492,0.688
24,3,64b,gain-chain,as-built,0.564355,0.564115,0.493
24,3,64b,gain-chain,clause-5,0.567273,0.563176,0.706
24,4,128,voice-mono,as-built,0.498361,0.495979,0.480
24,4,128,voice-mono,clause-5,0.505382,0.506334,0.263
24,4,128,voice-stereo,as-built,0.550438,0.551568,0.237
24,4,128,voice-stereo,clause-5,0.555025,0.551477,0.227
24,4,128,gain-chain,as-built,0.462493,0.456188,1.258
24,4,128,gain-chain,clause-5,0.466088,0.466009,0.638
25,0,32,voice-mono,as-built,0.555421,0.542540,2.374
25,0,32,voice-mono,clause-5,0.555998,0.556909,1.118
25,0,32,voice-stereo,as-built,0.627609,0.630991,0.191
25,0,32,voice-stereo,clause-5,0.631036,0.635312,0.695
25,0,32,gain-chain,as-built,0.797771,0.793758,0.896
25,0,32,gain-chain,clause-5,0.804346,0.801342,0.375
25,1,64,voice-mono,as-built,0.522399,0.513387,1.090
25,1,64,voice-mono,clause-5,0.529418,0.524967,0.523
25,1,64,voice-stereo,as-built,0.576140,0.577677,0.385
25,1,64,voice-stereo,clause-5,0.577367,0.582896,0.390
25,1,64,gain-chain,as-built,0.563178,0.559786,0.669
25,1,64,gain-chain,clause-5,0.573774,0.567116,1.174
25,2,64b,voice-mono,as-built,0.528241,0.524005,1.224
25,2,64b,voice-mono,clause-5,0.524918,0.528787,0.802
25,2,64b,voice-stereo,as-built,0.575179,0.581192,0.823
25,2,64b,voice-stereo,clause-5,0.581728,0.578465,0.564
25,2,64b,gain-chain,as-built,0.562066,0.561376,1.558
25,2,64b,gain-chain,clause-5,0.574056,0.570188,0.678
25,3,128,voice-mono,as-built,0.504305,0.494730,0.402
25,3,128,voice-mono,clause-5,0.506292,0.504379,0.379
25,3,128,voice-stereo,as-built,0.551616,0.554331,1.383
25,3,128,voice-stereo,clause-5,0.554509,0.550163,0.680
25,3,128,gain-chain,as-built,0.468438,0.466534,0.426
25,3,128,gain-chain,clause-5,0.460542,0.465705,1.203
25,4,256,voice-mono,as-built,0.485220,0.485198,1.269
25,4,256,voice-mono,clause-5,0.495527,0.493359,0.467
25,4,256,voice-stereo,as-built,0.535849,0.533317,0.399
25,4,256,voice-stereo,clause-5,0.539343,0.541640,0.586
25,4,256,gain-chain,as-built,0.428345,0.428965,1.139
25,4,256,gain-chain,clause-5,0.425877,0.425684,2.610
26,0,64,voice-mono,as-built,0.521973,0.513062,0.152
26,0,64,voice-mono,clause-5,0.523323,0.523505,0.224
26,0,64,voice-stereo,as-built,0.572946,0.579419,1.273
26,0,64,voice-stereo,clause-5,0.582246,0.580276,1.225
26,0,64,gain-chain,as-built,0.572589,0.569265,0.178
26,0,64,gain-chain,clause-5,0.573382,0.573740,0.187
26,1,64b,voice-mono,as-built,0.528573,0.513659,0.077
26,1,64b,voice-mono,clause-5,0.528487,0.525451,1.087
26,1,64b,voice-stereo,as-built,0.574100,0.573536,0.573
26,1,64b,voice-stereo,clause-5,0.580247,0.579673,0.800
26,1,64b,gain-chain,as-built,0.571418,0.566746,0.824
26,1,64b,gain-chain,clause-5,0.572738,0.572083,0.287
26,2,128,voice-mono,as-built,0.510244,0.503793,1.039
26,2,128,voice-mono,clause-5,0.506163,0.504936,0.243
26,2,128,voice-stereo,as-built,0.550235,0.553441,0.976
26,2,128,voice-stereo,clause-5,0.556786,0.557738,0.494
26,2,128,gain-chain,as-built,0.464692,0.459880,2.257
26,2,128,gain-chain,clause-5,0.471243,0.470979,0.393
26,3,256,voice-mono,as-built,0.490785,0.485307,0.317
26,3,256,voice-mono,clause-5,0.492941,0.492797,0.354
26,3,256,voice-stereo,as-built,0.537502,0.535814,0.278
26,3,256,voice-stereo,clause-5,0.540329,0.540198,0.066
26,3,256,gain-chain,as-built,0.423280,0.417007,0.812
26,3,256,gain-chain,clause-5,0.425707,0.426262,0.255
26,4,32,voice-mono,as-built,0.557128,0.542696,1.434
26,4,32,voice-mono,clause-5,0.560557,0.561257,2.920
26,4,32,voice-stereo,as-built,0.628578,0.628978,0.398
26,4,32,voice-stereo,clause-5,0.632760,0.639235,0.232
26,4,32,gain-chain,as-built,0.802755,0.802536,0.098
26,4,32,gain-chain,clause-5,0.805396,0.803510,0.341
27,0,64b,voice-mono,as-built,0.523245,0.517805,1.176
27,0,64b,voice-mono,clause-5,0.523066,0.524991,0.722
27,0,64b,voice-stereo,as-built,0.572334,0.580314,1.812
27,0,64b,voice-stereo,clause-5,0.581642,0.584728,0.388
27,0,64b,gain-chain,as-built,0.571051,0.573415,0.414
27,0,64b,gain-chain,clause-5,0.569731,0.575426,1.378
27,1,128,voice-mono,as-built,0.503238,0.493908,1.617
27,1,128,voice-mono,clause-5,0.512382,0.507621,1.224
27,1,128,voice-stereo,as-built,0.548469,0.551797,0.901
27,1,128,voice-stereo,clause-5,0.558057,0.556425,0.106
27,1,128,gain-chain,as-built,0.461885,0.463285,0.550
27,1,128,gain-chain,clause-5,0.465271,0.464373,1.128
27,2,256,voice-mono,as-built,0.490682,0.486484,0.863
27,2,256,voice-mono,clause-5,0.496826,0.493602,0.217
27,2,256,voice-stereo,as-built,0.536875,0.534933,0.363
27,2,256,voice-stereo,clause-5,0.539032,0.539129,0.418
27,2,256,gain-chain,as-built,0.425561,0.422834,0.890
27,2,256,gain-chain,clause-5,0.430757,0.430224,0.483
27,3,32,voice-mono,as-built,0.555726,0.544915,2.750
27,3,32,voice-mono,clause-5,0.557290,0.558087,0.256
27,3,32,voice-stereo,as-built,0.630888,0.627749,0.500
27,3,32,voice-stereo,clause-5,0.632857,0.638224,0.790
27,3,32,gain-chain,as-built,0.802778,0.795211,0.547
27,3,32,gain-chain,clause-5,0.803759,0.802539,0.458
27,4,64,voice-mono,as-built,0.524431,0.513343,0.216
27,4,64,voice-mono,clause-5,0.528788,0.524033,0.505
27,4,64,voice-stereo,as-built,0.574922,0.577215,1.110
27,4,64,voice-stereo,clause-5,0.579887,0.582181,0.598
27,4,64,gain-chain,as-built,0.564356,0.566688,1.213
27,4,64,gain-chain,clause-5,0.570455,0.566831,1.034
28,0,128,voice-mono,as-built,0.497459,0.494361,0.627
28,0,128,voice-mono,clause-5,0.505210,0.505003,0.041
28,0,128,voice-stereo,as-built,0.549511,0.550762,0.894
28,0,128,voice-stereo,clause-5,0.555347,0.558131,0.501
28,0,128,gain-chain,as-built,0.471574,0.458371,0.978
28,0,128,gain-chain,clause-5,0.471984,0.471060,0.609
28,1,256,voice-mono,as-built,0.539372,0.539485,0.073
28,1,256,voice-mono,clause-5,0.542635,0.542007,0.065
28,1,256,voice-stereo,as-built,0.586743,0.586195,0.057
28,1,256,voice-stereo,clause-5,0.592123,0.592006,0.049
28,1,256,gain-chain,as-built,0.439510,0.430243,1.883
28,1,256,gain-chain,clause-5,0.434397,0.437510,0.318
28,2,32,voice-mono,as-built,0.598835,0.598589,0.122
28,2,32,voice-mono,clause-5,0.600100,0.600434,0.195
28,2,32,voice-stereo,as-built,0.679320,0.679274,0.040
28,2,32,voice-stereo,clause-5,0.683202,0.684035,0.059
28,2,32,gain-chain,as-built,0.811416,0.813194,0.217
28,2,32,gain-chain,clause-5,0.814394,0.814047,0.230
28,3,64,voice-mono,as-built,0.570112,0.570225,0.066
28,3,64,voice-mono,clause-5,0.572343,0.571776,0.118
28,3,64,voice-stereo,as-built,0.628155,0.627559,0.056
28,3,64,voice-stereo,clause-5,0.633026,0.632394,0.096
28,3,64,gain-chain,as-built,0.579671,0.577916,0.304
28,3,64,gain-chain,clause-5,0.580469,0.579935,0.200
28,4,64b,voice-mono,as-built,0.571365,0.571053,0.247
28,4,64b,voice-mono,clause-5,0.572968,0.573029,0.011
28,4,64b,voice-stereo,as-built,0.628928,0.628645,0.230
28,4,64b,voice-stereo,clause-5,0.633660,0.633833,0.143
28,4,64b,gain-chain,as-built,0.586412,0.584309,30.710
28,4,64b,gain-chain,clause-5,0.586618,0.585706,30.074
29,0,256,voice-mono,as-built,0.540337,0.540015,0.060
29,0,256,voice-mono,clause-5,0.542929,0.542007,0.197
29,0,256,voice-stereo,as-built,0.586330,0.586671,0.058
29,0,256,voice-stereo,clause-5,0.592023,0.591739,0.131
29,0,256,gain-chain,as-built,0.436240,0.437713,0.345
29,0,256,gain-chain,clause-5,0.438249,0.436818,1.353
29,1,32,voice-mono,as-built,0.600448,0.599784,0.043
29,1,32,voice-mono,clause-5,0.600712,0.601390,0.036
29,1,32,voice-stereo,as-built,0.679864,0.680025,0.102
29,1,32,voice-stereo,clause-5,0.683959,0.683315,0.094
29,1,32,gain-chain,as-built,0.819304,0.819487,0.152
29,1,32,gain-chain,clause-5,1.190488,0.833534,2.669
29,2,64,voice-mono,as-built,1.036890,1.034631,0.251
29,2,64,voice-mono,clause-5,1.037051,1.037245,0.055
29,2,64,voice-stereo,as-built,1.151457,1.152277,0.163
29,2,64,voice-stereo,clause-5,1.161383,1.160320,0.079
29,2,64,gain-chain,as-built,1.495446,1.495604,0.028
29,2,64,gain-chain,clause-5,0.748097,0.748756,0.881
29,3,64b,voice-mono,as-built,0.511161,0.511713,0.167
29,3,64b,voice-mono,clause-5,0.517170,0.516897,1.137
29,3,64b,voice-stereo,as-built,0.575440,0.573286,0.376
29,3,64b,voice-stereo,clause-5,0.580693,0.577648,0.573
29,3,64b,gain-chain,as-built,0.569599,0.563426,0.660
29,3,64b,gain-chain,clause-5,0.567146,0.569071,0.092
29,4,128,voice-mono,as-built,0.495896,0.495130,0.410
29,4,128,voice-mono,clause-5,0.505369,0.505388,0.077
29,4,128,voice-stereo,as-built,0.550762,0.551880,0.626
29,4,128,voice-stereo,clause-5,0.556548,0.554176,0.428
29,4,128,gain-chain,as-built,0.463013,0.466039,1.037
29,4,128,gain-chain,clause-5,0.467694,0.461861,1.263
