project,reaches_plan,session_request,first_refusal
"instrument-inserts",true,29,""
"keyboard-panner-stereo",false,—,"UnsupportedModuleType { module_type: KeyboardPanner }"
"mod-matrix",true,23,""
"polyphonic-voice-stealing",false,—,"OwnedByLaterPhase { capability: "a voice-allocation setting — the mode, the stealing strategy or the voice cou"
"sends-returns-master",false,—,"UnsupportedModuleType { module_type: Compressor }"
"shared-instrument-tracks",false,—,"OwnedByLaterPhase { capability: "an instrument shared by two tracks with differing track controls, which V1 ap"
"subtractive-voice",true,21,""
"tempo-map-arrangement",true,21,""
"yams-audio-script",false,—,"UnsupportedModuleType { module_type: AudioScript }"
"yams-control",false,—,"UnsupportedModuleType { module_type: Script }"
"Chrome & Graph Teaching Demo",false,—,"OwnedByLaterPhase { capability: "a track-scoped Mod Grid graph, which runs once per assigned track against tha"
"Classic Amiga module",false,—,"UnknownPort { port: "fm" }"
"Escape from Stockholm",false,—,"UnsupportedParameterValue { value: "pulse" }"
"Expression & Note-Processor Demo",false,—,"UnsupportedModuleType { module_type: EnsembleChorus }"
"Karu Sydän — Suomalainen Tango",false,—,"UnsupportedModuleType { module_type: Eq }"
"Nemesis_the_Warlock",false,—,"UnsupportedModuleType { module_type: Distortion }"
"Neon Horizon",false,—,"UnsupportedModuleType { module_type: Mixer }"
"Neuro F#m 174-extended",false,—,"UnsupportedModuleType { module_type: Eq }"
"Ornament Demo",false,—,"UnsupportedParameterValue { value: "triangle" }"
"Oxygene Dreams (80s Techno)",false,—,"UnknownPort { port: "fm" }"
"Sidechain Demo",false,—,"OwnedByLaterPhase { capability: "a sidechain source, which ducks this instrument on what another one plays", o"
"Synth Pop a la Codex",false,—,"OwnedByLaterPhase { capability: "an instrument shared by two tracks with differing track controls, which V1 ap"
"YAMS AudioScript Wavefolder",false,—,"UnsupportedModuleType { module_type: EnsembleChorus }"
"YAMS Script Demo",false,—,"OwnedByLaterPhase { capability: "a Mod Matrix slot driven by a YAMS control script, whose output replaces the "
"YAMS Script Lab",false,—,"UnsupportedParameterValue { value: "pulse" }"
"all-modules-reference",false,—,"UnsupportedParameterValue { value: "Bool(false)" }"
"echoing",false,—,"UnsupportedModuleType { module_type: Sampler }"
"oxygene-dreams-2-fixed",false,—,"UnsupportedModuleType { module_type: Eq }"
"synthetic: one instrument, one post-fader send, one delayed return",true,33,""
"synthetic: two instruments, two sends, two delayed returns",true,64,""
